{"info generali sentenza": {"nome tribunale": {"acc": 1.0, "recall": 1.0, "precision": 1.0, "F1": 1.0}, "codice ufficio giudiziario": {"acc": 1.0, "recall": 0, "precision": 0, "F1": 0}, "numero ruolo procedimento": {"acc": 0.9814814814814815, "recall": 1.0, "precision": 0.9814814814814815, "F1": 0.9906542056074766}, "data iscrizione ruolo": {"acc": 0.6481481481481481, "recall": 0.4444444444444444, "precision": 0.75, "F1": 0.5581395348837209}, "data provvedimento finale": {"acc": 0.9814814814814815, "recall": 1.0, "precision": 0.9814814814814815, "F1": 0.9906542056074766}, "tipo separazione": {"acc": 0.6111111111111112, "recall": 0.96875, "precision": 0.607843137254902, "F1": 0.746987951807229}, "modalita esaurimento": {"acc": 0.7222222222222223, "recall": 1.0, "precision": 0.7115384615384616, "F1": 0.8314606741573033}, "violenza": {"acc": 0.9444444444444445, "recall": 0.3333333333333333, "precision": 0.5, "F1": 0.4}, "abusi": {"acc": 0.9074074074074074, "recall": 0, "precision": 0, "F1": 0}}, "dettagli matrimonio": {"luogo celebrazione": {"comune": {"acc": 0.7592592592592593, "recall": 0.6071428571428572, "precision": 0.8947368421052632, "F1": 0.723404255319149}, "provincia": {"acc": 0.9074074074074074, "recall": 0.75, "precision": 0.6666666666666666, "F1": 0.7058823529411765}, "stato": {"acc": 0.9444444444444444, "recall": 0.4, "precision": 1.0, "F1": 0.5714285714285714}}, "data celebrazione": {"acc": 0.7592592592592593, "recall": 0.6060606060606061, "precision": 1.0, "F1": 0.7547169811320755}, "rito": {"acc": 0.7037037037037037, "recall": 0.6818181818181818, "precision": 0.6250000000000001, "F1": 0.6521739130434783}, "regime patrimoniale": {"acc": 0.9444444444444444, "recall": 0.625, "precision": 1.0, "F1": 0.7692307692307693}}, "info coniugi": {"marito": {"data nascita": {"acc": 0.962962962962963, "recall": 0.75, "precision": 1.0, "F1": 0.8571428571428571}, "luogo nascita": {"comune": {"acc": 0.9629629629629629, "recall": 0.6666666666666666, "precision": 1.0, "F1": 0.8}, "provincia": {"acc": 1.0, "recall": 1.0, "precision": 1.0, "F1": 1.0}, "stato": {"acc": 1.0, "recall": 1.0, "precision": 1.0, "F1": 1.0}}, "codice fiscale": {"acc": 0.962962962962963, "recall": 0.945945945945946, "precision": 1.0, "F1": 0.9722222222222222}, "residenza attuale": {"comune": {"acc": 0.9629629629629629, "recall": 0.8181818181818182, "precision": 1.0, "F1": 0.9}, "provincia": {"acc": 0.9814814814814815, "recall": 1.0, "precision": 0.8888888888888888, "F1": 0.9411764705882354}, "stato": {"acc": 0.962962962962963, "recall": 0.8, "precision": 0.8, "F1": 0.8}}, "cittadinanza": {"acc": 0.9629629629629629, "recall": 0.6666666666666666, "precision": 1.0, "F1": 0.8}, "stato civile pre matrimonio": {"acc": 0.9814814814814815, "recall": 0, "precision": 0, "F1": 0}, "livello istruzione": {"acc": 0.9629629629629629, "recall": 0, "precision": 0, "F1": 0}, "condizione lavorativa": {"acc": 0.9259259259259259, "recall": 0.42857142857142855, "precision": 1.0, "F1": 0.6}, "posizione professionale": {"acc": 0.9814814814814815, "recall": 0.8, "precision": 1.0, "F1": 0.8888888888888888}}, "moglie": {"data nascita": {"acc": 0.9444444444444444, "recall": 0.625, "precision": 1.0, "F1": 0.7692307692307693}, "luogo nascita": {"comune": {"acc": 0.9629629629629629, "recall": 0.6666666666666666, "precision": 1.0, "F1": 0.8}, "provincia": {"acc": 0.9814814814814815, "recall": 1.0, "precision": 0.6666666666666666, "F1": 0.8}, "stato": {"acc": 1.0, "recall": 1.0, "precision": 1.0, "F1": 1.0}}, "codice fiscale": {"acc": 0.962962962962963, "recall": 0.945945945945946, "precision": 1.0, "F1": 0.9722222222222222}, "residenza attuale": {"comune": {"acc": 0.9622641509433962, "recall": 0.8181818181818182, "precision": 1.0, "F1": 0.9}, "provincia": {"acc": 0.9811320754716981, "recall": 1.0, "precision": 0.888888888888889, "F1": 0.9411764705882353}, "stato": {"acc": 0.9622641509433962, "recall": 0.8, "precision": 0.8, "F1": 0.8}}, "cittadinanza": {"acc": 1.0, "recall": 1.0, "precision": 1.0, "F1": 1.0}, "stato civile pre matrimonio": {"acc": 0.9245283018867925, "recall": 0, "precision": 0, "F1": 0}, "livello istruzione": {"acc": 0.9811320754716981, "recall": 1.0, "precision": 0.5, "F1": 0.6666666666666666}, "condizione lavorativa": {"acc": 0.8867924528301887, "recall": 0.2, "precision": 0.3333333333333333, "F1": 0.25}, "posizione professionale": {"acc": 0.9811320754716981, "recall": 0, "precision": 0, "F1": 0}}}, "dettagli figli": {"numero totale figli": {"acc": 0.8867924528301887, "recall": 0.9, "precision": 0.9782608695652174, "F1": 0.9375}, "numero di figli minorenni": {"acc": 0.9622641509433962, "recall": 0.9795918367346939, "precision": 0.9795918367346939, "F1": 0.9795918367346939}, "numero di figli maggiorenni economicamente indipendenti": {"acc": 0.9056603773584906, "recall": 0.9545454545454546, "precision": 0.9333333333333333, "F1": 0.9438202247191011}, "numero di figli maggiorenni non economicamente indipendenti": {"acc": 0.9056603773584906, "recall": 0.9333333333333333, "precision": 0.9545454545454546, "F1": 0.9438202247191011}, "numero di figli portatori di handicap": {"acc": 1.0, "recall": 1.0, "precision": 1.0, "F1": 1.0}, "tipo di affidamento": {"acc": 0.7547169811320755, "recall": 0.875, "precision": 0.6774193548387096, "F1": 0.7636363636363637}}, "provvedimenti economici": {"contributi coniuge": {"previsto": {"acc": 0.660377358490566, "recall": 1.0, "precision": 0.660377358490566, "F1": 0.7954545454545455}, "obbligato": {"acc": 0.6037735849056604, "recall": 0.9285714285714286, "precision": 0.39393939393939387, "F1": 0.5531914893617021}, "importo": {"acc": 0.6226415094339622, "recall": 0.9333333333333333, "precision": 0.42424242424242425, "F1": 0.5833333333333333}, "modalita pagamento": {"acc": 0.660377358490566, "recall": 0.9411764705882353, "precision": 0.48484848484848486, "F1": 0.64}}, "mantenimento figli": {"tipo mantenimento": {"acc": 0.9056603773584906, "recall": 1.0, "precision": 0.8837209302325582, "F1": 0.9382716049382717}, "importo assegno": {"acc": 0.8679245283018868, "recall": 1.0, "precision": 0.8292682926829269, "F1": 0.9066666666666667}, "obbligato": {"acc": 0.9245283018867925, "recall": 0.9743589743589743, "precision": 0.926829268292683, "F1": 0.95}, "beneficiario assegno": {"acc": 0.7358490566037736, "recall": 1.0, "precision": 0.6666666666666666, "F1": 0.8}, "ripartizione spese straordinarie abitazione": {"acc": 0.8679245283018868, "recall": 1.0, "precision": 0.7941176470588236, "F1": 0.8852459016393442}, "ripartizione spese straordinarie istruzione": {"acc": 0.9056603773584906, "recall": 1.0, "precision": 0.875, "F1": 0.9333333333333333}, "ripartizione spese straordinarie salute": {"acc": 0.9245283018867925, "recall": 1.0, "precision": 0.9, "F1": 0.9473684210526316}, "ripartizione spese straordinarie abbigliamento": {"acc": 0.8679245283018868, "recall": 1.0, "precision": 0.7941176470588236, "F1": 0.8852459016393442}, "ripartizione spese straordinarie attivita sportive culturali ricreative": {"acc": 0.9245283018867925, "recall": 1.0, "precision": 0.8918918918918919, "F1": 0.9428571428571428}}}, "assegnazione abitazione": {"assegnatario": {"acc": 0.7547169811320755, "recall": 1.0, "precision": 0.6829268292682926, "F1": 0.8115942028985508}, "tipo assegnazione": {"acc": 0.7547169811320755, "recall": 0.95, "precision": 0.6129032258064516, "F1": 0.7450980392156862}, "dettagli aggiuntivi": {"acc": 0.9433962264150944, "recall": 1.0, "precision": 0.918918918918919, "F1": 0.9577464788732395}}, "mediazione assistenzalegale": {"mediazionefamiliare": {"ricorso alla mediazionefamiliare": {"acc": 0.9811320754716981, "recall": 1.0, "precision": 0.5, "F1": 0.6666666666666666}, "coniugi informati della mediazionefamiliare": {"acc": 0.9811320754716981, "recall": 0, "precision": 0, "F1": 0}}, "assistenzalegale": {"acc": 1.0, "recall": 1.0, "precision": 1.0, "F1": 1.0}}, "summary": {"acc": 1.0, "recall": 1.0, "precision": 1.0, "F1": 1.0}}