{"info generali sentenza": {"nome tribunale": {"acc": 1.0, "recall": 1.0, "precision": 1.0, "F1": 1.0}, "codice ufficio giudiziario": {"acc": 0.9984399375975039, "recall": 0.8, "precision": 1.0, "F1": 0.8888888888888888}, "numero ruolo procedimento": {"acc": 0.9781591263650546, "recall": 0.996810207336523, "precision": 0.9811616954474097, "F1": 0.9889240506329114}, "data iscrizione ruolo": {"acc": 0.7441497659906396, "recall": 0.3220338983050847, "precision": 0.95, "F1": 0.4810126582278481}, "data provvedimento finale": {"acc": 0.9984399375975039, "recall": 1.0, "precision": 0.9984399375975039, "F1": 0.9992193598750976}, "tipo separazione": {"acc": 0.8081123244929798, "recall": 0.9980694980694981, "precision": 0.809076682316119, "F1": 0.8936905790838375}, "modalita esaurimento": {"acc": 0.6053042121684867, "recall": 0.9872122762148337, "precision": 0.6088328075709779, "F1": 0.753170731707317}, "violenza": {"acc": 0.9422776911076444, "recall": 0.8872180451127819, "precision": 0.8428571428571429, "F1": 0.8644688644688645}, "abusi": {"acc": 0.890795631825273, "recall": 0.45263157894736844, "precision": 0.7049180327868853, "F1": 0.5512820512820513}}, "dettagli matrimonio": {"luogo celebrazione matrimonio": {"comune": {"acc": 0.7706708268330733, "recall": 0.36619718309859156, "precision": 0.8666666666666668, "F1": 0.5148514851485149}, "provincia": {"acc": 0.921996879875195, "recall": 0.09375, "precision": 0.125, "F1": 0.10714285714285714}, "stato": {"acc": 0.9547581903276131, "recall": 0.10344827586206896, "precision": 0.5, "F1": 0.17142857142857143}}, "data celebrazione matrimonio": {"acc": 0.6474258970358814, "recall": 0.38670694864048333, "precision": 0.847682119205298, "F1": 0.5311203319502075}, "rito": {"acc": 0.8252730109204368, "recall": 0.6818181818181819, "precision": 0.78125, "F1": 0.7281553398058253}, "regime patrimoniale": {"acc": 0.9625585023400937, "recall": 0.7333333333333333, "precision": 0.9322033898305084, "F1": 0.8208955223880597}}, "info coniugi": {"marito": {"data nascita": {"acc": 0.8471138845553822, "recall": 0.3836477987421384, "precision": 1.0, "F1": 0.5545454545454546}, "luogo nascita": {"comune": {"acc": 0.8923556942277691, "recall": 0.1585365853658537, "precision": 1.0, "F1": 0.2736842105263158}, "provincia": {"acc": 0.9765990639625586, "recall": 0.08333333333333333, "precision": 0.2, "F1": 0.11764705882352941}, "stato": {"acc": 0.982839313572543, "recall": 0.08333333333333333, "precision": 1.0, "F1": 0.15384615384615385}}, "codice fiscale": {"acc": 0.9313572542901716, "recall": 0.6074766355140186, "precision": 0.9701492537313433, "F1": 0.7471264367816093}, "residenza attuale": {"comune": {"acc": 0.9578125000000001, "recall": 0.3157894736842105, "precision": 0.923076923076923, "F1": 0.47058823529411764}, "provincia": {"acc": 0.9921875, "recall": 0, "precision": 0, "F1": 0}, "stato": {"acc": 0.9953125, "recall": 0, "precision": 0, "F1": 0}}, "cittadinanza": {"acc": 0.9796875, "recall": 0.3529411764705882, "precision": 0.7499999999999999, "F1": 0.48}, "stato civile pre matrimonio": {"acc": 1.0, "recall": 1.0, "precision": 1.0, "F1": 1.0}, "livello istruzione": {"acc": 0.9984375000000001, "recall": 1.0, "precision": 0.6666666666666666, "F1": 0.8}, "condizione lavorativa": {"acc": 0.8421875, "recall": 0.291044776119403, "precision": 0.8666666666666667, "F1": 0.4357541899441341}, "posizione professionale": {"acc": 0.9546875, "recall": 0.7391304347826088, "precision": 0.9315068493150684, "F1": 0.8242424242424242}}, "moglie": {"data nascita": {"acc": 0.8296875, "recall": 0.3473053892215569, "precision": 1.0, "F1": 0.5155555555555555}, "luogo nascita": {"comune": {"acc": 0.8953125000000001, "recall": 0.23863636363636362, "precision": 1.0, "F1": 0.3853211009174312}, "provincia": {"acc": 0.9765625, "recall": 0.23076923076923075, "precision": 0.37499999999999994, "F1": 0.2857142857142857}, "stato": {"acc": 0.978125, "recall": 0.12500000000000003, "precision": 1.0, "F1": 0.22222222222222227}}, "codice fiscale": {"acc": 0.928125, "recall": 0.6, "precision": 0.9705882352941176, "F1": 0.7415730337078651}, "residenza attuale": {"comune": {"acc": 0.945226917057903, "recall": 0.33333333333333337, "precision": 0.75, "F1": 0.4615384615384615}, "provincia": {"acc": 0.9937402190923318, "recall": 0.5, "precision": 0.5, "F1": 0.5}, "stato": {"acc": 0.9968701095461658, "recall": 0, "precision": 0, "F1": 0}}, "cittadinanza": {"acc": 0.9780907668231612, "recall": 0.4210526315789474, "precision": 0.7272727272727273, "F1": 0.5333333333333333}, "stato civile pre matrimonio": {"acc": 0.9984350547730829, "recall": 1.0, "precision": 0.5, "F1": 0.6666666666666666}, "livello istruzione": {"acc": 0.9921752738654147, "recall": 0.8571428571428571, "precision": 0.8, "F1": 0.8275862068965517}, "condizione lavorativa": {"acc": 0.8419405320813772, "recall": 0.39583333333333337, "precision": 0.8028169014084507, "F1": 0.530232558139535}, "posizione professionale": {"acc": 0.9655712050078248, "recall": 0.7419354838709677, "precision": 0.8846153846153847, "F1": 0.8070175438596491}}}, "dettagli figli": {"numero di figli minorenni": {"acc": 0.8654147104851331, "recall": 0.9334637964774951, "precision": 0.9017013232514178, "F1": 0.9173076923076924}, "numero di figli maggiorenni economicamente indipendenti": {"acc": 0.8935837245696401, "recall": 0.9421157684630739, "precision": 0.9236790606653621, "F1": 0.932806324110672}, "numero di figli maggiorenni non economicamente indipendenti": {"acc": 0.9327073552425665, "recall": 0.9636015325670498, "precision": 0.9544592030360531, "F1": 0.9590085795996186}, "numero di figli portatori di handicap": {"acc": 0.9984350547730829, "recall": 0.997787610619469, "precision": 1.0, "F1": 0.9988925802879292}, "tipo di affidamento": {"acc": 0.7073552425665102, "recall": 0.8778135048231511, "precision": 0.6469194312796209, "F1": 0.7448840381991815}, "contributi economici": {"contributi per il mantenimento figli": {"acc": 0.9076682316118936, "recall": 0.9894551845342706, "precision": 0.913961038961039, "F1": 0.950210970464135}, "importo assegno per il mantenimento figli": {"acc": 0.7902973395931142, "recall": 0.9706601466992665, "precision": 0.7649325626204239, "F1": 0.8556034482758621}, "obbligato al mantenimento": {"acc": 0.8779342723004695, "recall": 0.9740259740259739, "precision": 0.872093023255814, "F1": 0.9202453987730062}, "beneficiario assegno per mantenimento figli": {"acc": 0.6025039123630673, "recall": 0.9608540925266903, "precision": 0.5263157894736842, "F1": 0.6801007556675063}, "modalita pagamento assegno di mantenimento del coniuge": {"acc": 0.9671361502347418, "recall": 0.9979674796747967, "precision": 0.9608610567514677, "F1": 0.9790628115653041}, "ripartizione spese straordinarie abitazione": {"acc": 0.8372456964006261, "recall": 0.9162303664921467, "precision": 0.6653992395437263, "F1": 0.7709251101321586}, "ripartizione spese straordinarie istruzione": {"acc": 0.8654147104851331, "recall": 0.8816901408450705, "precision": 0.8767507002801119, "F1": 0.8792134831460674}, "ripartizione spese straordinarie salute": {"acc": 0.8497652582159625, "recall": 0.8743016759776537, "precision": 0.8598901098901099, "F1": 0.8670360110803323}, "ripartizione spese straordinarie abbigliamento": {"acc": 0.8575899843505478, "recall": 0.9572192513368983, "precision": 0.683206106870229, "F1": 0.7973273942093542}, "ripartizione spese straordinarie attivita sportive culturali ricreative": {"acc": 0.863849765258216, "recall": 0.9185185185185185, "precision": 0.7923322683706071, "F1": 0.8507718696397942}}}, "provvedimenti economici": {"presenza contributi economici": {"acc": 0.9780907668231612, "recall": 0.9904306220095693, "precision": 0.987281399046105, "F1": 0.9888535031847133}, "importo assegno di mantenimento": {"acc": 0.6776212832550861, "recall": 0.9886685552407932, "precision": 0.6333938294010889, "F1": 0.7721238938053098}, "modalita pagamento assegno di mantenimento del coniuge": {"acc": 0.8309859154929577, "recall": 0.9954954954954954,