{"info generali sentenza": {"nome tribunale": {"acc": 1.0, "recall": 1.0, "precision": 1.0, "F1": 1.0}, "codice ufficio giudiziario": {"acc": 1.0, "recall": 0, "precision": 0, "F1": 0}, "numero ruolo procedimento": {"acc": 0.989010989010989, "recall": 1.0, "precision": 0.989010989010989, "F1": 0.994475138121547}, "data iscrizione ruolo": {"acc": 0.8791208791208791, "recall": 0.6071428571428571, "precision": 1.0, "F1": 0.7555555555555555}, "data provvedimento finale": {"acc": 0.989010989010989, "recall": 1.0, "precision": 0.989010989010989, "F1": 0.994475138121547}, "tipo separazione": {"acc": 0.7582417582417582, "recall": 1.0, "precision": 0.7582417582417582, "F1": 0.8624999999999999}, "modalita esaurimento": {"acc": 0.6813186813186813, "recall": 1.0, "precision": 0.6813186813186813, "F1": 0.8104575163398693}, "violenza": {"acc": 0.9230769230769231, "recall": 0.7272727272727273, "precision": 0.6666666666666667, "F1": 0.6956521739130436}, "abusi": {"acc": 0.8901098901098902, "recall": 0.3, "precision": 0.5, "F1": 0.37500000000000006}}, "dettagli matrimonio": {"luogo celebrazione matrimonio": {"comune": {"acc": 0.7582417582417583, "recall": 0.4634146341463415, "precision": 1.0, "F1": 0.6333333333333334}, "provincia": {"acc": 0.9120879120879122, "recall": 0.5384615384615385, "precision": 0.7777777777777778, "F1": 0.6363636363636364}, "stato": {"acc": 0.9340659340659341, "recall": 0.19999999999999998, "precision": 0.33333333333333337, "F1": 0.25}}, "data celebrazione matrimonio": {"acc": 0.6703296703296704, "recall": 0.4901960784313726, "precision": 0.8620689655172413, "F1": 0.6250000000000001}, "rito": {"acc": 0.8351648351648352, "recall": 0.7333333333333334, "precision": 0.7586206896551725, "F1": 0.7457627118644068}, "regime patrimoniale": {"acc": 0.9560439560439561, "recall": 0.6, "precision": 1.0, "F1": 0.75}}, "info coniugi": {"marito": {"data nascita": {"acc": 0.8681318681318682, "recall": 0.45454545454545453, "precision": 1.0, "F1": 0.625}, "luogo nascita": {"comune": {"acc": 0.9120879120879121, "recall": 0.38461538461538464, "precision": 1.0, "F1": 0.5555555555555555}, "provincia": {"acc": 0.967032967032967, "recall": 0.6666666666666667, "precision": 0.7999999999999999, "F1": 0.7272727272727273}, "stato": {"acc": 0.978021978021978, "recall": 0.33333333333333337, "precision": 1.0, "F1": 0.5}}, "codice fiscale": {"acc": 0.9340659340659341, "recall": 0.8214285714285714, "precision": 0.9583333333333333, "F1": 0.8846153846153846}, "residenza attuale": {"comune": {"acc": 0.9444444444444444, "recall": 0.4444444444444444, "precision": 1.0, "F1": 0.6153846153846154}, "provincia": {"acc": 0.9888888888888889, "recall": 0.7999999999999999, "precision": 1.0, "F1": 0.8888888888888888}, "stato": {"acc": 0.9888888888888889, "recall": 0.6666666666666667, "precision": 1.0, "F1": 0.7999999999999999}}, "cittadinanza": {"acc": 0.9777777777777777, "recall": 0.6, "precision": 1.0, "F1": 0.75}, "stato civile pre matrimonio": {"acc": 1.0, "recall": 0, "precision": 0, "F1": 0}, "livello istruzione": {"acc": 1.0, "recall": 0, "precision": 0, "F1": 0}, "condizione lavorativa": {"acc": 0.8888888888888888, "recall": 0.2857142857142857, "precision": 1.0, "F1": 0.4444444444444444}, "posizione professionale": {"acc": 0.9888888888888889, "recall": 0.7999999999999999, "precision": 1.0, "F1": 0.8888888888888888}}, "moglie": {"data nascita": {"acc": 0.8555555555555556, "recall": 0.43478260869565216, "precision": 1.0, "F1": 0.6060606060606061}, "luogo nascita": {"comune": {"acc": 0.9111111111111111, "recall": 0.42857142857142855, "precision": 1.0, "F1": 0.6}, "provincia": {"acc": 0.9666666666666667, "recall": 0.6, "precision": 0.75, "F1": 0.6666666666666666}, "stato": {"acc": 0.9777777777777777, "recall": 0.33333333333333337, "precision": 1.0, "F1": 0.5}}, "codice fiscale": {"acc": 0.9333333333333333, "recall": 0.8148148148148148, "precision": 0.9565217391304348, "F1": 0.8799999999999999}, "residenza attuale": {"comune": {"acc": 0.9325842696629213, "recall": 0.4444444444444444, "precision": 0.8, "F1": 0.5714285714285714}, "provincia": {"acc": 0.9775280898876404, "recall": 0.75, "precision": 0.75, "F1": 0.75}, "stato": {"acc": 0.9887640449438202, "recall": 0.6666666666666666, "precision": 1.0, "F1": 0.8}}, "cittadinanza": {"acc": 0.9775280898876404, "recall": 0.5, "precision": 1.0, "F1": 0.6666666666666666}, "stato civile pre matrimonio": {"acc": 1.0, "recall": 0, "precision": 0, "F1": 0}, "livello istruzione": {"acc": 1.0, "recall": 1.0, "precision": 1.0, "F1": 1.0}, "condizione lavorativa": {"acc": 0.9213483146067416, "recall": 0.4166666666666667, "precision": 1.0, "F1": 0.5882352941176471}, "posizione professionale": {"acc": 0.9887640449438202, "recall": 0.8333333333333334, "precision": 1.0, "F1": 0.9090909090909091}}}, "dettagli figli": {"numero di figli minorenni": {"acc": 0.9213483146067416, "recall": 0.971830985915493, "precision": 0.9324324324324325, "F1": 0.9517241379310345}, "numero di figli maggiorenni economicamente indipendenti": {"acc": 0.9213483146067416, "recall": 0.9436619718309859, "precision": 0.9571428571428572, "F1": 0.950354609929078}, "numero di figli maggiorenni non economicamente indipendenti": {"acc": 0.9438202247191011, "recall": 0.9583333333333334, "precision": 0.971830985915493, "F1": 0.9650349650349651}, "numero di figli portatori di handicap": {"acc": 1.0, "recall": 1.0, "precision": 1.0, "F1": 1.0}, "tipo di affidamento": {"acc": 0.7303370786516854, "recall": 0.9230769230769231, "precision": 0.631578947368421, "F1": 0.75}, "contributi economici": {"contributi per il mantenimento figli": {"acc": 0.9438202247191012, "recall": 1.0, "precision": 0.9425287356321839, "F1": 0.970414201183432}, "importo assegno per il mantenimento figli": {"acc": 0.8426966292134832, "recall": 0.9661016949152541, "precision": 0.8260869565217391, "F1": 0.890625}, "obbligato al mantenimento": {"acc": 0.8764044943820225, "recall": 0.9508196721311476, "precision": 0.8787878787878788, "F1": 0.9133858267716535}, "beneficiario assegno per mantenimento figli": {"acc": 0.5730337078651686, "recall": 0.9117647058823529, "precision": 0.4696969696969697, "F1": 0.62}, "modalita pagamento assegno di mantenimento del coniuge": {"acc": 0.9775280898876404, "recall": 1.0, "precision": 0.9692307692307691, "F1": 0.984375}, "ripartizione spese straordinarie abitazione": {"acc": 0.8764044943820225, "recall": 0.9696969696969696, "precision": 0.7619047619047619, "F1": 0.8533333333333334}, "ripartizione spese straordinarie istruzione": {"acc": 0.8876404494382023, "recall": 0.9444444444444445, "precision": 0.8793103448275862, "F1": 0.9107142857142857}, "ripartizione spese straordinarie salute": {"acc": 0.8764044943820224, "recall": 0.9599999999999999, "precision": 0.8421052631578947, "F1": 0.897196261682243}, "ripartizione spese straordinarie abbigliamento": {"acc": 0.8651685393258427, "recall": 1.0, "precision": 0.7272727272727273, "F1": 0.8421052631578947}, "ripartizione spese straordinarie attivita sportive culturali ricreative": {"acc": 0.8764044943820225, "recall": 0.9555555555555556, "precision": 0.826923076923077, "F1": 0.88659793814433}}}, "provvedimenti economici": {"presenza contributi economici": {"acc": 0.9775280898876404, "recall": 1.0, "precision": 0.9775280898876404, "F1": 0.9886363636363636}, "importo assegno di mantenimento": {"acc": 0.651685393258427, "recall": 0.9761904761904762, "precision": 0.5774647887323944, "F1": 0.7256637168141593}, "modalita pagamento assegno di mantenimento del coniuge": {"acc": 0.7528089887640449, "recall": 1.0, "precision": 0.6857142857142857, "F1": 0.8135593220338984}, "obbligato al mantenimento": {"acc": 0.6179775280898876, "recall": 0.9750000000000001, "precision": 0.5416666666666667, "F1": 0.6964285714285715}, "beneficiario del contributo": {"acc": 0.449438202247191, "recall": 1.0, "precision": 0.3466666666666666, "F1": 0.5148514851485149}}, "assegnazione abitazione": {"assegnatario": {"acc": 0.6292134831460674, "recall": 0.8979591836734694,