{"info generali sentenza": {"nome tribunale": {"acc": 1.0, "recall": 1.0, "precision": 1.0, "F1": 1.0}, "codice ufficio giudiziario": {"acc": 0.994059405940594, "recall": 0, "precision": 0, "F1": 0}, "numero ruolo procedimento": {"acc": 0.9366336633663367, "recall": 0.9978902953586498, "precision": 0.9384920634920636, "F1": 0.967280163599182}, "data iscrizione ruolo": {"acc": 0.6964285714285715, "recall": 0.2611111111111111, "precision": 0.7014925373134329, "F1": 0.3805668016194332}, "data provvedimento finale": {"acc": 1.0, "recall": 1.0, "precision": 1.0, "F1": 1.0}, "tipo separazione": {"acc": 0.7738095238095238, "recall": 0.989821882951654, "precision": 0.779559118236473, "F1": 0.8721973094170403}, "modalita esaurimento": {"acc": 0.5396825396825397, "recall": 0.9819494584837546, "precision": 0.5450901803607214, "F1": 0.7010309278350516}, "violenza": {"acc": 0.9146825396825398, "recall": 0.6407766990291263, "precision": 0.9166666666666667, "F1": 0.7542857142857143}, "abusi": {"acc": 0.871031746031746, "recall": 0.24675324675324675, "precision": 0.7307692307692307, "F1": 0.36893203883495146}}, "dettagli matrimonio": {"luogo celebrazione matrimonio": {"comune": {"acc": 0.7037773359840954, "recall": 0.2087912087912088, "precision": 0.8837209302325582, "F1": 0.33777777777777773}, "provincia": {"acc": 0.9443339960238569, "recall": 0.16666666666666666, "precision": 0.3333333333333333, "F1": 0.2222222222222222}, "stato": {"acc": 0.9443339960238569, "recall": 0.16666666666666666, "precision": 0.625, "F1": 0.2631578947368421}}, "data celebrazione matrimonio": {"acc": 0.6242544731610339, "recall": 0.3767605633802817, "precision": 0.8991596638655462, "F1": 0.5310173697270472}, "rito": {"acc": 0.8111332007952285, "recall": 0.6823529411764706, "precision": 0.7388535031847134, "F1": 0.709480122324159}, "regime patrimoniale": {"acc": 0.9622266401590457, "recall": 0.7358490566037735, "precision": 0.8863636363636364, "F1": 0.8041237113402061}}, "info coniugi": {"marito": {"data nascita": {"acc": 0.823061630218688, "recall": 0.29365079365079366, "precision": 1.0, "F1": 0.4539877300613496}, "luogo nascita": {"comune": {"acc": 0.8846918489065607, "recall": 0.15942028985507248, "precision": 1.0, "F1": 0.275}, "provincia": {"acc": 0.9781312127236581, "recall": 0.16666666666666666, "precision": 0.6666666666666666, "F1": 0.26666666666666666}, "stato": {"acc": 0.9761431411530815, "recall": 0.15384615384615383, "precision": 0.6666666666666666, "F1": 0.24999999999999994}}, "codice fiscale": {"acc": 0.9025844930417495, "recall": 0.18333333333333335, "precision": 1.0, "F1": 0.3098591549295775}, "residenza attuale": {"comune": {"acc": 0.954183266932271, "recall": 0.16, "precision": 0.6666666666666666, "F1": 0.25806451612903225}, "provincia": {"acc": 0.9920318725099602, "recall": 0.4, "precision": 0.6666666666666666, "F1": 0.5}, "stato": {"acc": 0.9960159362549801, "recall": 0.3333333333333333, "precision": 1.0, "F1": 0.5}}, "cittadinanza": {"acc": 0.9800796812749004, "recall": 0.5909090909090909, "precision": 0.9285714285714285, "F1": 0.7222222222222222}, "stato civile pre matrimonio": {"acc": 0.99800796812749, "recall": 1.0, "precision": 0.8, "F1": 0.888888888888889}, "livello istruzione": {"acc": 0.9920318725099602, "recall": 1.0, "precision": 0.5, "F1": 0.6666666666666666}, "condizione lavorativa": {"acc": 0.8545816733067729, "recall": 0.29411764705882354, "precision": 0.967741935483871, "F1": 0.4511278195488722}, "posizione professionale": {"acc": 0.950199203187251, "recall": 0.6461538461538462, "precision": 0.9545454545454546, "F1": 0.7706422018348624}}, "moglie": {"data nascita": {"acc": 0.8183632734530939, "recall": 0.3106060606060606, "precision": 1.0, "F1": 0.4739884393063583}, "luogo nascita": {"comune": {"acc": 0.8782435129740519, "recall": 0.18666666666666668, "precision": 1.0, "F1": 0.3146067415730337}, "provincia": {"acc": 0.9720558882235529, "recall": 0.15384615384615385, "precision": 0.39999999999999997, "F1": 0.22222222222222218}, "stato": {"acc": 0.9720558882235529, "recall": 0.14285714285714282, "precision": 0.5, "F1": 0.22222222222222218}}, "codice fiscale": {"acc": 0.9001996007984032, "recall": 0.16666666666666666, "precision": 1.0, "F1": 0.2857142857142857}, "residenza attuale": {"comune": {"acc": 0.9441117764471056, "recall": 0.16129032258064516, "precision": 0.7142857142857143, "F1": 0.2631578947368421}, "provincia": {"acc": 0.9920159680638723, "recall": 0.5, "precision": 0.7500000000000001, "F1": 0.6000000000000001}, "stato": {"acc": 0.9940119760479041, "recall": 0.39999999999999997, "precision": 1.0, "F1": 0.5714285714285714}}, "cittadinanza": {"acc": 0.9760479041916168, "recall": 0.5833333333333333, "precision": 0.875, "F1": 0.7}, "stato civile pre matrimonio": {"acc": 0.9880239520958084, "recall": 1.0, "precision": 0.14285714285714282, "F1": 0.25}, "livello istruzione": {"acc": 0.9840319361277445, "recall": 1.0, "precision": 0.4666666666666667, "F1": 0.6363636363636365}, "condizione lavorativa": {"acc": 0.8243512974051896, "recall": 0.25510204081632654, "precision": 0.625, "F1": 0.3623188405797102}, "posizione professionale": {"acc": 0.9600798403193613, "recall": 0.6444444444444445, "precision": 0.8787878787878788, "F1": 0.7435897435897436}}}, "dettagli figli": {"numero di figli minorenni": {"acc": 0.908183632734531, "recall": 0.990990990990991, "precision": 0.9128630705394191, "F1": 0.9503239740820735}, "numero di figli maggiorenni economicamente indipendenti": {"acc": 0.9241516966067864, "recall": 0.9910913140311804, "precision": 0.9290187891440501, "F1": 0.959051724137931}, "numero di figli maggiorenni non economicamente indipendenti": {"acc": 0.9301397205588823, "recall": 0.9654427645788337, "precision": 0.9592274678111588, "F1": 0.9623250807319699}, "numero di figli portatori di handicap": {"acc": 0.9960079840319361, "recall": 1.0, "precision": 0.99581589958159, "F1": 0.9979035639412998}, "tipo di affidamento": {"acc": 0.634, "recall": 0.954337899543379, "precision": 0.5471204188481675, "F1": 0.6955074875207987}, "contributi economici": {"contributi per il mantenimento figli": {"acc": 0.9420000000000001, "recall": 0.988962472406181, "precision": 0.9491525423728813, "F1": 0.9686486486486486}, "importo assegno per il mantenimento figli": {"acc": 0.8140000000000001, "recall": 0.991044776119403, "precision": 0.7867298578199052, "F1": 0.8771466314398944}, "obbligato al mantenimento": {"acc": 0.882, "recall": 0.9741379310344828, "precision": 0.8714652956298201, "F1": 0.9199457259158751}, "beneficiario assegno per mantenimento figli": {"acc": 0.262, "recall": 0.7714285714285714, "precision": 0.06958762886597938, "F1": 0.1276595744680851}, "modalita pagamento assegno di mantenimento del coniuge": {"acc": 0.97, "recall": 1.0, "precision": 0.9607329842931936, "F1": 0.9799732977303071}, "ripartizione spese straordinarie abitazione": {"acc": 0.774, "recall": 1.0, "precision": 0.592057761732852, "F1": 0.7437641723356009}, "ripartizione spese straordinarie istruzione": {"acc": 0.844, "recall": 0.9803921568627451, "precision": 0.8064516129032258, "F1": 0.8849557522123894}, "ripartizione spese straordinarie salute": {"acc": 0.842, "recall": 0.9770491803278688, "precision": 0.8054054054054054, "F1": 0.8829629629629631}, "ripartizione spese straordinarie abbigliamento": {"acc": 0.774, "recall": 1.0, "precision": 0.586080586080586, "F1": 0.7390300230946882}, "ripartizione spese straordinarie attivita sportive culturali ricreative": {"acc": 0.804, "recall": 0.9911894273127754, "precision": 0.7009345794392523, "F1": 0.8211678832116788}}}, "provvedimenti economici": {"presenza contributi economici": {"acc": 0.9460000000000001, "recall": 0.9851694915254238, "precision": 0.9587628865979381, "F1": 0.9717868338557993}, "importo assegno di mantenimento": {"acc": 0.722, "recall": 0.9756838905775076, "precision": 0.7101769911504425, "F1": 0.8220230473751601}, "modalita pagamento assegno di mantenimento del coniuge": {"acc": 0.884, "recall": 0.9868766404199475,